basis,regime,fund,name,n,mean,median,hit,excess,tstat,first,last
realized_monthly,0,SPY,S&P 500,222,1.0223348707599094,1.5698161931827714,0.6666666666666666,,,2008-02,2026-07
realized_monthly,0,XLE,Energy,222,0.804803481966054,1.3696735063933985,0.5630630630630631,-0.21753138879385553,-0.5267752626906622,2008-02,2026-07
realized_monthly,0,XLF,Financials,222,0.7765604699350183,1.8788940332354231,0.5675675675675675,-0.24577440082489116,-1.0073592856514964,2008-02,2026-07
realized_monthly,0,XLK,Technology,222,1.4978725273325142,1.7703027812635996,0.6261261261261262,0.47553765657260477,2.715477999420158,2008-02,2026-07
realized_monthly,0,XLV,Health care,222,0.9432517950689223,1.2799933523659601,0.6216216216216216,-0.07908307569098712,-0.3783742327255064,2008-02,2026-07
realized_monthly,0,XLI,Industrials,222,1.0383389090423547,1.188751232722618,0.6216216216216216,0.016004038282445184,0.09941401636886138,2008-02,2026-07
realized_monthly,0,XLP,Consumer staples,222,0.8060231516349287,1.175231826616796,0.5945945945945946,-0.2163117191249809,-0.9977188517088788,2008-02,2026-07
realized_monthly,0,XLY,Consumer discretionary,222,1.1571063526390775,1.3109633997949066,0.6171171171171171,0.13477148187916765,0.8002096126199598,2008-02,2026-07
realized_monthly,0,XLU,Utilities,222,0.7526803716237547,1.2888946708622395,0.6396396396396397,-0.26965449913615486,-0.9026899496310442,2008-02,2026-07
realized_monthly,0,XLB,Materials,222,0.7768995273186512,0.9714721209955868,0.5720720720720721,-0.2454353434412582,-1.1766617057043156,2008-02,2026-07
realized_monthly,0,XLRE,Real estate,129,0.6999794422317143,1.0411602899760952,0.5968992248062015,-0.5285908403537473,-1.8212367865131192,2015-11,2026-07
realized_monthly,0,XLC,Communication services,97,1.0400911560092831,1.7660678756763026,0.6185567010309279,-0.25202717887839,-0.9071041264898719,2018-07,2026-07
realized_monthly,0,TLT,Long Treasuries (20+ years),222,0.2722239405619666,0.007448304529977801,0.5045045045045045,-0.7501109301979427,-1.7654766465727754,2008-02,2026-07
realized_monthly,0,IEF,Treasuries (7 to 10 years),222,0.23713169832328618,0.10498979677021625,0.5225225225225225,-0.7852031724366235,-2.3454972343088225,2008-02,2026-07
realized_monthly,0,GLD,Gold,222,0.7585984838441475,0.39301947996553954,0.5225225225225225,-0.26373638691576196,-0.6115563900356977,2008-02,2026-07
realized_monthly,1,SPY,S&P 500,58,1.3844846754275864,1.7464018370516143,0.6379310344827587,,,2009-06,2026-06
realized_monthly,1,XLE,Energy,58,0.04790537086029248,-0.7134430918532775,0.4482758620689655,-1.336579304567294,-2.112115090684952,2009-06,2026-06
realized_monthly,1,XLF,Financials,58,1.1650281783654548,1.6149041652886331,0.5344827586206896,-0.21945649706213147,-0.6465214203582075,2009-06,2026-06
realized_monthly,1,XLK,Technology,58,1.8682367254419026,1.9380148352222015,0.6551724137931034,0.48375205001431604,1.5532969123675073,2009-06,2026-06
realized_monthly,1,XLV,Health care,58,1.1259075417955218,0.722055856832593,0.5689655172413793,-0.2585771336320645,-0.6382824264831731,2009-06,2026-06
realized_monthly,1,XLI,Industrials,58,1.9583821100203933,2.1690249724593436,0.6551724137931034,0.5738974345928071,1.8124683074243741,2009-06,2026-06
realized_monthly,1,XLP,Consumer staples,58,0.7406793701813862,0.35361973990298834,0.5689655172413793,-0.6438053052462002,-1.5439915090489853,2009-06,2026-06
realized_monthly,1,XLY,Consumer discretionary,58,2.298154072253415,2.1271328153812608,0.7068965517241379,0.9136693968258293,2.7217164140228562,2009-06,2026-06
realized_monthly,1,XLU,Utilities,58,1.0590698579808158,1.6827634960358884,0.6724137931034483,-0.32541481744677037,-0.5620386671413138,2009-06,2026-06
realized_monthly,1,XLB,Materials,58,1.5548991890303465,1.4147873975704162,0.5862068965517241,0.17041451360276014,0.4067275475376267,2009-06,2026-06
realized_monthly,1,XLRE,Real estate,30,1.387314051859351,1.1122291648946292,0.7,-0.0013691700191875563,-0.0023348028306620244,2016-02,2026-06
realized_monthly,1,XLC,Communication services,24,1.460358840360966,1.8940838721704822,0.625,0.07811483588274208,0.12676857612719378,2018-08,2026-06
realized_monthly,1,TLT,Long Treasuries (20+ years),58,1.041777773291838,0.7075685228264295,0.603448275862069,-0.34270690213574795,-0.42678325627095354,2009-06,2026-06
realized_monthly,1,IEF,Treasuries (7 to 10 years),58,0.6394172798886945,0.8022525773072609,0.6724137931034483,-0.7450673955388918,-1.2016795372511873,2009-06,2026-06
realized_monthly,1,GLD,Gold,58,1.3920574511947175,1.465067163459799,0.5517241379310345,0.0075727757671311124,0.009217945643884465,2009-06,2026-06
realized_monthly,2,SPY,S&P 500,55,1.6948912598736732,2.258905431380409,0.6909090909090909,,,2009-08,2026-05
realized_monthly,2,XLE,Energy,55,0.7017462296256494,2.1084088475463947,0.6727272727272727,-0.9931450302480238,-1.3217213365491398,2009-08,2026-05
realized_monthly,2,XLF,Financials,55,1.2568465756901623,2.55958697487364,0.5636363636363636,-0.43804468418351117,-1.105042678471264,2009-08,2026-05
realized_monthly,2,XLK,Technology,55,2.6565186020403164,2.2598206465601622,0.6727272727272727,0.9616273421666434,2.227316483743517,2009-08,2026-05
realized_monthly,2,XLV,Health care,55,0.8718109616479296,1.069836414439318,0.6545454545454545,-0.8230802982257439,-2.2046350220103386,2009-08,2026-05
realized_monthly,2,XLI,Industrials,55,1.7880824177177859,1.6741324633190224,0.6545454545454545,0.09319115784411244,0.2859222763305884,2009-08,2026-05
realized_monthly,2,XLP,Consumer staples,55,0.9694970528376371,1.3734622248426254,0.5818181818181818,-0.7253942070360363,-1.661779181100089,2009-08,2026-05
realized_monthly,2,XLY,Consumer discretionary,55,1.7403926530749294,1.802365290559349,0.6545454545454545,0.04550139320125627,0.1714184119912027,2009-08,2026-05
realized_monthly,2,XLU,Utilities,55,1.5376153568599358,1.3780106964277783,0.7090909090909091,-0.15727590301373753,-0.24387159272107262,2009-08,2026-05
realized_monthly,2,XLB,Materials,55,0.9509948028810762,1.896431696292522,0.6363636363636364,-0.7438964569925968,-1.618156600768489,2009-08,2026-05
realized_monthly,2,XLRE,Real estate,39,1.0634871311656353,1.2350099682806537,0.6153846153846154,-0.8579646267459665,-1.6527268023055424,2015-12,2026-05
realized_monthly,2,XLC,Communication services,28,1.7298755578136906,2.1442454232690644,0.6785714285714286,-1.010700647113482,-1.8525459448140174,2018-07,2026-05
realized_monthly,2,TLT,Long Treasuries (20+ years),55,0.1501445509109162,-0.40710197626232514,0.4727272727272727,-1.5447467089627571,-2.0002033432537805,2009-08,2026-05
realized_monthly,2,IEF,Treasuries (7 to 10 years),55,0.06947635088223093,-0.13779017247266268,0.41818181818181815,-1.6254149089914423,-3.021652238595974,2009-08,2026-05
realized_monthly,2,GLD,Gold,55,0.6381582702612779,0.053565133985156166,0.509090909090909,-1.0567329896123951,-1.43171551792484,2009-08,2026-05
realized_monthly,3,SPY,S&P 500,58,0.83539509621637,1.554726939687301,0.7068965517241379,,,2008-05,2026-03
realized_monthly,3,XLE,Energy,58,1.9935023216113406,1.8027575310407218,0.6724137931034483,1.1581072253949707,1.3192455247996733,2008-05,2026-03
realized_monthly,3,XLF,Financials,58,0.8092916237171686,1.968149404830244,0.6206896551724138,-0.026103472499201294,-0.05926307422509879,2008-05,2026-03
realized_monthly,3,XLK,Technology,58,1.255757472339595,1.6940774876889608,0.6206896551724138,0.42036237612322475,1.5276506577271538,2008-05,2026-03
realized_monthly,3,XLV,Health care,58,0.7771712926207173,1.4005214259308008,0.6551724137931034,-0.058223803595652615,-0.14120975020224583,2008-05,2026-03
realized_monthly,3,XLI,Industrials,58,0.3968981300451637,0.915371292130196,0.6206896551724138,-0.4384969661712061,-1.598327735134651,2008-05,2026-03
realized_monthly,3,XLP,Consumer staples,58,0.6904231967894712,1.2496445896687414,0.603448275862069,-0.14497189942689861,-0.37509535820544887,2008-05,2026-03
realized_monthly,3,XLY,Consumer discretionary,58,0.8539780207043065,1.3145555851674429,0.603448275862069,0.0185829244879365,0.062036923648166355,2008-05,2026-03
realized_monthly,3,XLU,Utilities,58,0.3028178826259113,0.9954796533170662,0.5689655172413793,-0.5325772135904586,-0.9556599836898106,2008-05,2026-03
realized_monthly,3,XLB,Materials,58,0.5315686780448678,0.890403431916531,0.5862068965517241,-0.30382641817150197,-0.8677283553501014,2008-05,2026-03
realized_monthly,3,XLRE,Real estate,32,0.5011298278004829,1.001219450153057,0.5625,-0.511620949994852,-0.8679671399967821,2015-11,2026-03
realized_monthly,3,XLC,Communication services,21,1.0280375240292434,2.221309805823668,0.6666666666666666,0.40214972963003975,0.9433705690797134,2018-10,2026-03
realized_monthly,3,TLT,Long Treasuries (20+ years),58,-0.5898924104335407,-0.9070020032853399,0.3793103448275862,-1.4252875066499107,-2.018361199900315,2008-05,2026-03
realized_monthly,3,IEF,Treasuries (7 to 10 years),58,-0.14383350031098682,-0.18153523953649553,0.4482758620689655,-0.9792285965273568,-1.5981582718630458,2008-05,2026-03
realized_monthly,3,GLD,Gold,58,0.5181660430568871,0.28136262215332497,0.5172413793103449,-0.3172290531594831,-0.3845966892465239,2008-05,2026-03
realized_monthly,4,SPY,S&P 500,51,0.09777049529996874,0.9833816116891159,0.6274509803921569,,,2008-02,2026-07
realized_monthly,4,XLE,Energy,51,0.42487616085683433,-0.5128585481398829,0.45098039215686275,0.3271056655568657,0.3247392622343021,2008-02,2026-07
realized_monthly,4,XLF,Financials,51,-0.2204056050622944,0.37072901386430157,0.5490196078431373,-0.31817610036226357,-0.4254355169098514,2008-02,2026-07
realized_monthly,4,XLK,Technology,51,0.10250028400537094,0.5458080764603856,0.5490196078431373,0.004729788705402091,0.012666974883534162,2008-02,2026-07
realized_monthly,4,XLV,Health care,51,1.001445553304368,2.0657350905542105,0.6078431372549019,0.9036750580043994,1.958228962142669,2008-02,2026-07
realized_monthly,4,XLI,Industrials,51,-0.08704998217407421,0.5381608700312235,0.5490196078431373,-0.18482047747404326,-0.5037403435155118,2008-02,2026-07
realized_monthly,4,XLP,Consumer staples,51,0.8355069190700863,1.2355921871759046,0.6274509803921569,0.7377364237701175,1.520861948364882,2008-02,2026-07
realized_monthly,4,XLY,Consumer discretionary,51,-0.42485582401556615,-0.05309092674001814,0.49019607843137253,-0.522626319315535,-1.2375845069494738,2008-02,2026-07
realized_monthly,4,XLU,Utilities,51,0.06934723368601736,1.358947032394786,0.6078431372549019,-0.028423261613951478,-0.04538935199074451,2008-02,2026-07
realized_monthly,4,XLB,Materials,51,-0.016630497727079495,-0.33969009068608447,0.47058823529411764,-0.1144009930270482,-0.25927263812455903,2008-02,2026-07
realized_monthly,4,XLRE,Real estate,28,-0.31550807546302206,0.6412722828180839,0.5,-0.65409473079035,-0.9830682650189488,2016-05,2026-07
realized_monthly,4,XLC,Communication services,24,-0.1743780691316744,0.027711654224066296,0.5,-0.2694549423101244,-0.471663550071372,2018-09,2026-07
realized_monthly,4,TLT,Long Treasuries (20+ years),51,0.5091453619387241,1.2189835829226947,0.5686274509803921,0.4113748666387552,0.36922902933661533,2008-02,2026-07
realized_monthly,4,IEF,Treasuries (7 to 10 years),51,0.3936897747792111,0.24649123897824143,0.5490196078431373,0.29591927947924207,0.3319694293533782,2008-02,2026-07
realized_monthly,4,GLD,Gold,51,0.44151364475367433,0.3386881324189961,0.5098039215686274,0.34374314945370577,0.3186052687342676,2008-02,2026-07
realized_monthly_clear,0,SPY,S&P 500,179,1.2545428460536363,1.8100778561362274,0.6759776536312849,,,2008-02,2026-07
realized_monthly_clear,0,XLE,Energy,179,1.2194060196519876,1.6640514331887069,0.5754189944134078,-0.035136826401649036,-0.07279093952296305,2008-02,2026-07
realized_monthly_clear,0,XLF,Financials,179,0.8476687413405586,1.833123328656483,0.5698324022346368,-0.40687410471307806,-1.4358408150700808,2008-02,2026-07
realized_monthly_clear,0,XLK,Technology,179,1.8324279194208408,2.1017428068286437,0.659217877094972,0.5778850733672042,2.8627098984718153,2008-02,2026-07
realized_monthly_clear,0,XLV,Health care,179,0.9997675043768884,1.3015579699718005,0.6201117318435754,-0.254775341676748,-1.0603734298190293,2008-02,2026-07
realized_monthly_clear,0,XLI,Industrials,179,1.2541888900778486,1.4063134615875938,0.6312849162011173,-0.0003539559757877431,-0.0019806341470888,2008-02,2026-07
realized_monthly_clear,0,XLP,Consumer staples,179,0.8987119504891677,1.222036384489611,0.6033519553072626,-0.35583089556446884,-1.4814542139475166,2008-02,2026-07
realized_monthly_clear,0,XLY,Consumer discretionary,179,1.4627188086777982,1.6356031820487615,0.6368715083798883,0.20817596262416174,1.0624142253070845,2008-02,2026-07
realized_monthly_clear,0,XLU,Utilities,179,0.8150973490175044,1.3780106964277783,0.6536312849162011,-0.43944549703613195,-1.3297564233074761,2008-02,2026-07
realized_monthly_clear,0,XLB,Materials,179,1.033516153790478,1.2529177721930074,0.5865921787709497,-0.22102669226315838,-0.9396243500338431,2008-02,2026-07
realized_monthly_clear,0,XLRE,Real estate,100,0.9509228322144504,1.2161968800270317,0.62,-0.6437030847486821,-2.0481166124514436,2015-11,2026-07
realized_monthly_clear,0,XLC,Communication services,78,1.5466536338343262,1.950568336659686,0.6538461538461539,-0.28328759047762236,-0.9011334862780037,2018-08,2026-07
realized_monthly_clear,0,TLT,Long Treasuries (20+ years),179,0.3923013419871857,0.27231037147443793,0.5195530726256983,-0.8622415040664508,-1.8027488547306179,2008-02,2026-07
realized_monthly_clear,0,IEF,Treasuries (7 to 10 years),179,0.29240152439558914,0.23741311229741324,0.5307262569832403,-0.9621413216580474,-2.5040954046505584,2008-02,2026-07
realized_monthly_clear,0,GLD,Gold,179,0.7200382934503737,0.3386881324189961,0.5083798882681564,-0.5345045526032627,-1.075276238378129,2008-02,2026-07
realized_monthly_clear,1,SPY,S&P 500,49,1.6331288810709743,1.9458197253516607,0.6326530612244898,,,2009-06,2026-06
realized_monthly_clear,1,XLE,Energy,49,0.15925671076434492,-0.7108252139032323,0.4489795918367347,-1.4738721703066293,-2.191583072118509,2009-06,2026-06
realized_monthly_clear,1,XLF,Financials,49,1.0828456641051907,1.3595919072057816,0.5306122448979592,-0.5502832169657836,-1.791809767771624,2009-06,2026-06
realized_monthly_clear,1,XLK,Technology,49,2.328765239750775,2.2260260778946828,0.673469387755102,0.6956363586798007,2.094815214896223,2009-06,2026-06
realized_monthly_clear,1,XLV,Health care,49,1.0735671443120456,0.675921108894828,0.5714285714285714,-0.5595617367589287,-1.2718071097102293,2009-06,2026-06
realized_monthly_clear,1,XLI,Industrials,49,2.078414101024908,1.9674081887486095,0.6530612244897959,0.4452852199539334,1.2675178267419007,2009-06,2026-06
realized_monthly_clear,1,XLP,Consumer staples,49,0.9117215124260865,0.3920206991873121,0.5918367346938775,-0.721407368644888,-1.630067507589053,2009-06,2026-06
realized_monthly_clear,1,XLY,Consumer discretionary,49,2.77147959131831,2.3990864967454284,0.7346938775510204,1.1383507102473358,3.1635607187557047,2009-06,2026-06
realized_monthly_clear,1,XLU,Utilities,49,1.4545772688040624,1.9374625613432173,0.7142857142857143,-0.1785516122669116,-0.28189394235386883,2009-06,2026-06
realized_monthly_clear,1,XLB,Materials,49,1.7979903080363013,1.2592871496933,0.5714285714285714,0.16486142696532688,0.3376387110852024,2009-06,2026-06
realized_monthly_clear,1,XLRE,Real estate,24,2.6453338883569355,1.7970047567191894,0.7916666666666666,0.3961789121968493,0.6338472653620614,2016-02,2026-06
realized_monthly_clear,1,XLC,Communication services,20,2.728271805099932,3.4980252600002593,0.7,0.19886207969387887,0.2751851243998545,2018-08,2026-06
realized_monthly_clear,1,TLT,Long Treasuries (20+ years),49,1.7445858790066449,0.9501458776236982,0.6530612244897959,0.11145699793567049,0.12629694934802105,2009-06,2026-06
realized_monthly_clear,1,IEF,Treasuries (7 to 10 years),49,0.9828067814374555,0.8619756294170111,0.7346938775510204,-0.6503220996335187,-0.9546075724661113,2009-06,2026-06
realized_monthly_clear,1,GLD,Gold,49,1.8364405762881302,1.726748147982482,0.5918367346938775,0.203311695217156,0.22462295587770376,2009-06,2026-06
realized_monthly_clear,2,SPY,S&P 500,43,2.2738240723092216,2.36097683998151,0.7674418604651163,,,2009-08,2026-05
realized_monthly_clear,2,XLE,Energy,43,1.3736071482291856,2.466594056210991,0.7209302325581395,-0.9002169240800366,-1.048061122355032,2009-08,2026-05
realized_monthly_clear,2,XLF,Financials,43,1.7433041168496106,3.1190671700565664,0.5813953488372093,-0.5305199554596112,-1.1701970558358648,2009-08,2026-05
realized_monthly_clear,2,XLK,Technology,43,3.571765659946699,3.755481390137594,0.7906976744186046,1.2979415876374776,2.5040298197367474,2009-08,2026-05
realized_monthly_clear,2,XLV,Health care,43,0.9114137488763594,1.069836414439318,0.6511627906976745,-1.3624103234328626,-3.6744726326391137,2009-08,2026-05
realized_monthly_clear,2,XLI,Industrials,43,2.206685641726125,2.8885407538793206,0.6976744186046512,-0.06713843058309704,-0.19206170423150648,2009-08,2026-05
realized_monthly_clear,2,XLP,Consumer staples,43,0.9142674066845281,1.3734622248426254,0.5813953488372093,-1.3595566656246938,-3.0785210870875384,2009-08,2026-05
realized_monthly_clear,2,XLY,Consumer discretionary,43,2.437664649020205,1.9865162066507125,0.7441860465116279,0.16384057671098298,0.5279843537625155,2009-08,2026-05
realized_monthly_clear,2,XLU,Utilities,43,1.1608682490893645,1.212499248559129,0.6744186046511628,-1.1129558232198575,-1.612811812389379,2009-08,2026-05
realized_monthly_clear,2,XLB,Materials,43,1.5422348869181788,2.0689271788779884,0.7209302325581395,-0.7315891853910429,-1.606574158530536,2009-08,2026-05
realized_monthly_clear,2,XLRE,Real estate,32,1.0308359842454342,1.1878577060326578,0.59375,-1.2634536719749736,-2.5020386714103977,2016-01,2026-05
realized_monthly_clear,2,XLC,Communication services,24,1.8633199273282715,2.4419876570421994,0.7083333333333334,-1.1409477649655575,-2.0525249664690777,2019-03,2026-05
realized_monthly_clear,2,TLT,Long Treasuries (20+ years),43,-0.22082573493078295,-0.46255551414289275,0.46511627906976744,-2.4946498072400054,-3.4886800805292806,2009-08,2026-05
realized_monthly_clear,2,IEF,Treasuries (7 to 10 years),43,-0.06505089692709959,-0.1503216697737897,0.3953488372093023,-2.3388749692363215,-4.139657757107753,2009-08,2026-05
realized_monthly_clear,2,GLD,Gold,43,0.5808606750876859,0.053565133985156166,0.5116279069767442,-1.692963397221536,-2.109572339594435,2009-08,2026-05
realized_monthly_clear,3,SPY,S&P 500,43,0.7741843932213623,1.511671589416741,0.6744186046511628,,,2008-05,2026-03
realized_monthly_clear,3,XLE,Energy,43,2.6797258134910624,1.8824762052481958,0.6976744186046512,1.9055414202697,1.6849239149465243,2008-05,2026-03
realized_monthly_clear,3,XLF,Financials,43,0.6954056364517487,1.5027452477090586,0.6046511627906976,-0.07877875676961381,-0.13489849953809388,2008-05,2026-03
realized_monthly_clear,3,XLK,Technology,43,1.0637929667405848,1.3651288114333138,0.6046511627906976,0.28960857351922226,0.8628018579825627,2008-05,2026-03
realized_monthly_clear,3,XLV,Health care,43,0.6637036713098229,1.2584287347601197,0.627906976744186,-0.11048072191153939,-0.213427508266828,2008-05,2026-03
realized_monthly_clear,3,XLI,Industrials,43,0.6317997376196263,1.8643536704042285,0.627906976744186,-0.14238465560173635,-0.45646413971656435,2008-05,2026-03
realized_monthly_clear,3,XLP,Consumer staples,43,0.5742510049786371,1.222036384489611,0.5813953488372093,-0.19993338824272522,-0.45338640732996693,2008-05,2026-03
realized_monthly_clear,3,XLY,Consumer discretionary,43,0.8046803520934552,1.5958615604062532,0.5813953488372093,0.030495958872092853,0.08509946426318402,2008-05,2026-03
realized_monthly_clear,3,XLU,Utilities,43,0.18178410959671074,1.0626301669524718,0.5813953488372093,-0.5924002836246518,-0.903119431584508,2008-05,2026-03
realized_monthly_clear,3,XLB,Materials,43,0.5129739918707497,1.176054883147848,0.5813953488372093,-0.26121040135061274,-0.5746593876460853,2008-05,2026-03
realized_monthly_clear,3,XLRE,Real estate,22,-0.11878514510035343,0.10224116430039287,0.5,-0.8222224929535081,-1.2150734803473557,2015-11,2026-03
realized_monthly_clear,3,XLC,Communication services,15,1.0439584084167504,1.8963787743694782,0.6666666666666666,0.41458417588714647,0.8157731233295901,2019-04,2026-03
realized_monthly_clear,3,TLT,Long Treasuries (20+ years),43,-0.6420348480688693,-0.9463378519516619,0.37209302325581395,-1.4162192412902315,-1.62884190867619,2008-05,2026-03
realized_monthly_clear,3,IEF,Treasuries (7 to 10 years),43,-0.27926011932615624,-0.39610847381301717,0.4186046511627907,-1.0534445125475187,-1.4206937349742523,2008-05,2026-03
realized_monthly_clear,3,GLD,Gold,43,-0.11962452673476635,-1.2777635059315395,0.4186046511627907,-0.8938089199561289,-0.8949759238295903,2008-05,2026-03
realized_monthly_clear,4,SPY,S&P 500,44,0.3062611421206377,1.0140996687434067,0.6363636363636364,,,2008-02,2026-07
realized_monthly_clear,4,XLE,Energy,44,0.8221995758245957,-0.7230891038555176,0.45454545454545453,0.5159384337039582,0.457225619654063,2008-02,2026-07
realized_monthly_clear,4,XLF,Financials,44,-0.14071027802620073,0.8750828264101118,0.5681818181818182,-0.4469714201468387,-0.5304888117309623,2008-02,2026-07
realized_monthly_clear,4,XLK,Technology,44,0.3310472700224836,1.3729541014966706,0.5681818181818182,0.024786127901845735,0.061204185464664135,2008-02,2026-07
realized_monthly_clear,4,XLV,Health care,44,1.3323532760037944,2.2165378794316792,0.6363636363636364,1.026092133883157,1.9544790193871315,2008-02,2026-07
realized_monthly_clear,4,XLI,Industrials,44,0.01369656958743547,0.5057742837130896,0.5454545454545454,-0.29256457253320245,-0.7154979354302341,2008-02,2026-07
realized_monthly_clear,4,XLP,Consumer staples,44,1.1861089392537882,2.2366098183987493,0.6590909090909091,0.8798477971331501,1.6230925495204354,2008-02,2026-07
realized_monthly_clear,4,XLY,Consumer discretionary,44,-0.3044697333899704,-0.3006435340805358,0.4772727272727273,-0.6107308755106081,-1.2669785935652942,2008-02,2026-07
realized_monthly_clear,4,XLU,Utilities,44,0.38395654270984136,1.47824039441099,0.6363636363636364,0.07769540058920349,0.115015801598812,2008-02,2026-07
realized_monthly_clear,4,XLB,Materials,44,0.19372465106347478,-0.18674320874903505,0.4772727272727273,-0.1125364910571629,-0.23455846843959027,2008-02,2026-07
realized_monthly_clear,4,XLRE,Real estate,22,0.05594507260147618,1.898375442155531,0.5909090909090909,-0.6981450008825569,-0.9329015436948678,2016-05,2026-07
realized_monthly_clear,4,XLC,Communication services,19,0.2997101555236326,0.505193215400146,0.5263157894736842,-0.2584047331718915,-0.4028892177445936,2018-09,2026-07
realized_monthly_clear,4,TLT,Long Treasuries (20+ years),44,0.4963690275764925,1.0122156545452898,0.5681818181818182,0.1901078854558549,0.15236542450230298,2008-02,2026-07
realized_monthly_clear,4,IEF,Treasuries (7 to 10 years),44,0.4315389608014803,0.2608914483893776,0.5454545454545454,0.1252778186808423,0.12487875044834604,2008-02,2026-07
realized_monthly_clear,4,GLD,Gold,44,0.4333661797800673,0.13106680875882293,0.5,0.1271050376594298,0.1031568350498711,2008-02,2026-07
realized_quarterly,0,SPY,S&P 500,110,2.431741451979818,3.615346022045307,0.7090909090909091,,,1999Q1,2026Q2
realized_quarterly,0,XLE,Energy,110,2.97368654238374,4.014206776463258,0.6090909090909091,0.5419450904039217,0.49543715614544326,1999Q1,2026Q2
realized_quarterly,0,XLF,Financials,110,2.0808220413811984,3.38327307785814,0.6636363636363637,-0.3509194105986198,-0.5751307321235665,1999Q1,2026Q2
realized_quarterly,0,XLK,Technology,110,3.3539926296481064,4.134498203655279,0.7,0.9222511776682889,1.4146728943382603,1999Q1,2026Q2
realized_quarterly,0,XLV,Health care,110,2.288373304912373,3.1132757142419476,0.6545454545454545,-0.1433681470674444,-0.2931003723327301,1999Q1,2026Q2
realized_quarterly,0,XLI,Industrials,110,2.7890390204247537,4.059231828213072,0.6363636363636364,0.3572975684449363,0.8950524274499961,1999Q1,2026Q2
realized_quarterly,0,XLP,Consumer staples,110,1.8128563660348258,1.9481243347934551,0.6545454545454545,-0.6188850859449918,-1.0069704722677981,1999Q1,2026Q2
realized_quarterly,0,XLY,Consumer discretionary,110,2.78927419792521,3.073701295029929,0.6545454545454545,0.3575327459453923,0.7737235272737978,1999Q1,2026Q2
realized_quarterly,0,XLU,Utilities,110,2.1555064726546647,2.692155460013923,0.6454545454545455,-0.27623497932515306,-0.36762530083787126,1999Q1,2026Q2
realized_quarterly,0,XLB,Materials,110,2.534669657288942,3.3011995211170486,0.6545454545454545,0.10292820530912397,0.16652009598283796,1999Q1,2026Q2
realized_quarterly,0,XLRE,Real estate,42,2.0232495331788622,1.9350625007026445,0.6428571428571429,-1.8482164475418146,-1.9910505078518113,2016Q1,2026Q2
realized_quarterly,0,XLC,Communication services,32,3.2405342952416683,5.3333056140539625,0.625,-0.7706355117216179,-0.7471663209643074,2018Q3,2026Q2
realized_quarterly,0,TLT,Long Treasuries (20+ years),95,1.0880336656636318,0.39314390298232915,0.5473684210526316,-2.040271211173391,-1.596709283163951,2002Q4,2026Q2
realized_quarterly,0,IEF,Treasuries (7 to 10 years),95,0.8806381028636295,0.5665514923863357,0.6105263157894737,-2.2476667739733927,-2.299475562309853,2002Q4,2026Q2
realized_quarterly,0,GLD,Gold,86,2.787469475839,3.593885940607633,0.6744186046511628,-0.13691530216305586,-0.11682515712316985,2005Q1,2026Q2
realized_quarterly,1,SPY,S&P 500,26,5.596373088334569,6.478397143375492,0.8461538461538461,,,2002Q1,2026Q1
realized_quarterly,1,XLE,Energy,26,5.602393758597294,7.760290551216965,0.6153846153846154,0.006020670262725065,0.0024058065428633176,2002Q1,2026Q1
realized_quarterly,1,XLF,Financials,26,4.830857909444456,4.673158710486092,0.6923076923076923,-0.7655151788901132,-0.7899306624764987,2002Q1,2026Q1
realized_quarterly,1,XLK,Technology,26,6.909537263726819,7.042961524901504,0.7692307692307693,1.3131641753922496,1.2782196276533813,2002Q1,2026Q1
realized_quarterly,1,XLV,Health care,26,3.5400128727640787,5.756763346781102,0.6538461538461539,-2.056360215570491,-1.8830329506590813,2002Q1,2026Q1
realized_quarterly,1,XLI,Industrials,26,5.9003612741851965,5.470394095463549,0.6923076923076923,0.30398818585062615,0.4496034832349732,2002Q1,2026Q1
realized_quarterly,1,XLP,Consumer staples,26,4.104718920914216,3.8951713687722767,0.8461538461538461,-1.4916541674203534,-1.5739255658669666,2002Q1,2026Q1
realized_quarterly,1,XLY,Consumer discretionary,26,6.389641003570948,8.698650629705662,0.7692307692307693,0.7932679152363775,1.1128155281625258,2002Q1,2026Q1
realized_quarterly,1,XLU,Utilities,26,3.8502784286924756,4.456243120442627,0.6923076923076923,-1.7460946596420945,-1.322834723958402,2002Q1,2026Q1
realized_quarterly,1,XLB,Materials,26,6.045574878376547,4.625205200693694,0.8076923076923077,0.4492017900419775,0.39174731739773966,2002Q1,2026Q1
realized_quarterly,1,XLRE,Real estate,9,2.6706329278216208,1.8697304500097323,0.6666666666666666,-1.7921392366696358,-0.7960641378767378,2017Q2,2026Q1
realized_quarterly,1,XLC,Communication services,8,7.369201712516187,8.130396309357046,0.875,2.7324366269259976,1.5853987239379297,2019Q3,2026Q1
realized_quarterly,1,TLT,Long Treasuries (20+ years),25,2.069567909318982,1.5800920314607003,0.64,-3.7314803145746525,-1.9328627961733393,2003Q2,2026Q1
realized_quarterly,1,IEF,Treasuries (7 to 10 years),25,1.5047520428266878,1.2594639577611533,0.72,-4.296296181066946,-2.8658727855381345,2003Q2,2026Q1
realized_quarterly,1,GLD,Gold,22,3.1595205179884904,4.8179165441895595,0.6363636363636364,-2.092535695553709,-0.9938132235022329,2005Q1,2026Q1
realized_quarterly,2,SPY,S&P 500,24,4.601103871088419,5.331704897572576,0.8333333333333334,,,1999Q3,2025Q3
realized_quarterly,2,XLE,Energy,24,4.949245995751082,6.23139439610606,0.75,0.3481421246626626,0.1715887767976671,1999Q3,2025Q3
realized_quarterly,2,XLF,Financials,24,4.678633324055526,4.48748876002889,0.7916666666666666,0.07752945296710696,0.06083415063262534,1999Q3,2025Q3
realized_quarterly,2,XLK,Technology,24,6.649751938341313,7.739370949816282,0.9166666666666666,2.0486480672528935,1.9594161129827137,1999Q3,2025Q3
realized_quarterly,2,XLV,Health care,24,3.244750094829985,3.6218784261383585,0.75,-1.3563537762584341,-1.7731412974969822,1999Q3,2025Q3
realized_quarterly,2,XLI,Industrials,24,5.115154456947638,5.224351923963311,0.8333333333333334,0.5140505858592191,0.6668812068922209,1999Q3,2025Q3
realized_quarterly,2,XLP,Consumer staples,24,2.19265426876254,1.9949281410595154,0.7083333333333334,-2.4084496023258795,-1.7673629203999837,1999Q3,2025Q3
realized_quarterly,2,XLY,Consumer discretionary,24,4.394091175816828,4.476659564483176,0.875,-0.2070126952715912,-0.2646451002932956,1999Q3,2025Q3
realized_quarterly,2,XLU,Utilities,24,0.7389980961983086,0.32381654001840676,0.625,-3.862105774890111,-3.587060938051735,1999Q3,2025Q3
realized_quarterly,2,XLB,Materials,24,4.174674845291075,6.075105853326801,0.8333333333333334,-0.42642902579734415,-0.5369118334756484,1999Q3,2025Q3
realized_quarterly,2,XLRE,Real estate,13,3.340399443874481,2.3238010697147704,0.6923076923076923,-3.2892103510759116,-2.3563091708322856,2016Q3,2025Q3
realized_quarterly,2,XLC,Communication services,8,8.006648468593148,9.146694297638913,0.875,-0.5272733803049752,-0.27232156468854885,2019Q2,2025Q3
realized_quarterly,2,TLT,Long Treasuries (20+ years),20,-1.6608630355860803,-1.4427106771753018,0.4,-7.759153269794991,-6.039428753353185,2003Q3,2025Q3
realized_quarterly,2,IEF,Treasuries (7 to 10 years),20,-0.4955919395905422,-0.12020022223003246,0.5,-6.593882173799453,-8.054768764520945,2003Q3,2025Q3
realized_quarterly,2,GLD,Gold,19,3.0141409825428878,3.0164423735368873,0.7894736842105263,-3.2593578694337744,-1.9842388334546943,2006Q1,2025Q3
realized_quarterly,3,SPY,S&P 500,37,-0.10328413587052548,0.6660111087567255,0.5945945945945946,,,1999Q1,2026Q2
realized_quarterly,3,XLE,Energy,37,1.8686958856455662,3.3353344043778987,0.5945945945945946,1.9719800215160923,0.902866654440217,1999Q1,2026Q2
realized_quarterly,3,XLF,Financials,37,-0.9912633124906791,1.5619310098162753,0.5405405405405406,-0.8879791766201537,-0.8085094277014457,1999Q1,2026Q2
realized_quarterly,3,XLK,Technology,37,0.8660407225265414,1.302113536566929,0.5675675675675675,0.9693248583970671,0.7842458870205062,1999Q1,2026Q2
realized_quarterly,3,XLV,Health care,37,0.559462661767386,1.336762602043895,0.5945945945945946,0.6627467976379112,0.798774140877556,1999Q1,2026Q2
realized_quarterly,3,XLI,Industrials,37,-0.02122196012850703,0.28521919049093736,0.5135135135135135,0.0820621757420181,0.11468207519077454,1999Q1,2026Q2
realized_quarterly,3,XLP,Consumer staples,37,0.09583237113462446,0.6950370587363253,0.5135135135135135,0.19911650700514996,0.19846562890535688,1999Q1,2026Q2
realized_quarterly,3,XLY,Consumer discretionary,37,-0.8414220407492717,-0.5901826044373393,0.4594594594594595,-0.7381379048787459,-0.9519240674566377,1999Q1,2026Q2
realized_quarterly,3,XLU,Utilities,37,1.9006090815811092,3.749807863144028,0.6486486486486487,2.0038932174516346,1.4174776122824129,1999Q1,2026Q2
realized_quarterly,3,XLB,Materials,37,-0.7669927126541635,1.8837484306176044,0.5135135135135135,-0.663708576783638,-0.5804762507851227,1999Q1,2026Q2
realized_quarterly,3,XLRE,Real estate,12,-1.3882772939949166,2.1260529201720724,0.5833333333333334,-1.1714890964516533,-0.7196586686262828,2016Q1,2026Q2
realized_quarterly,3,XLC,Communication services,8,-4.1796545061048,-2.0030252741441434,0.25,-2.197002706218234,-0.8077761302792812,2020Q1,2026Q2
realized_quarterly,3,TLT,Long Treasuries (20+ years),32,1.1371521788565337,0.5695084374062964,0.5625,1.2523682075446363,0.514430073815797,2002Q4,2026Q2
realized_quarterly,3,IEF,Treasuries (7 to 10 years),32,0.7381155200772072,0.09887629327021141,0.53125,0.8533315487653104,0.4712909097872628,2002Q4,2026Q2
realized_quarterly,3,GLD,Gold,28,3.000842771416498,4.196316653192889,0.6428571428571429,3.684445043888953,1.70177174852769,2005Q3,2026Q2
realized_quarterly,4,SPY,S&P 500,23,0.6687338931377621,2.6652049407521305,0.6086956521739131,,,2000Q4,2025Q4
realized_quarterly,4,XLE,Energy,23,-0.28175520557522604,-0.6757144366596801,0.4782608695652174,-0.9504890987129889,-0.5494758007870697,2000Q4,2025Q4
realized_quarterly,4,XLF,Financials,23,1.2033765952694966,4.420531689665808,0.6956521739130435,0.5346427021317343,0.3319675189648347,2000Q4,2025Q4
realized_quarterly,4,XLK,Technology,23,-0.10201447170778578,1.8404464423180222,0.6086956521739131,-0.7707483648455479,-0.4241349995108986,2000Q4,2025Q4
realized_quarterly,4,XLV,Health care,23,2.656809047268787,4.234889031224487,0.6521739130434783,1.988075154131024,1.8339487806191952,2000Q4,2025Q4
realized_quarterly,4,XLI,Industrials,23,1.365495855474753,2.6289814480992657,0.5652173913043478,0.6967619623369903,0.6412571228111884,2000Q4,2025Q4
realized_quarterly,4,XLP,Consumer staples,23,1.5879133972947468,1.7144394670274288,0.6086956521739131,0.9191795041569842,0.5519042392957567,2000Q4,2025Q4
realized_quarterly,4,XLY,Consumer discretionary,23,2.8853879550890285,3.0823755584922896,0.6086956521739131,2.216654061951266,1.6136932962710042,2000Q4,2025Q4
realized_quarterly,4,XLU,Utilities,23,2.127825326902101,2.238896008799207,0.6086956521739131,1.4590914337643384,0.7939920810402826,2000Q4,2025Q4
realized_quarterly,4,XLB,Materials,23,2.1658804150092013,0.23395743341168007,0.5217391304347826,1.4971465218714388,0.8525433791337511,2000Q4,2025Q4
realized_quarterly,4,XLRE,Real estate,8,4.2718648500860485,2.2330524573846877,0.625,-0.5847792431653496,-0.21357126289734799,2018Q3,2025Q4
realized_quarterly,4,XLC,Communication services,8,1.765941505962138,0.11417069414005332,0.5,-3.0907025872892606,-2.2383007041441028,2018Q3,2025Q4
realized_quarterly,4,TLT,Long Treasuries (20+ years),18,2.6917995274101663,2.9408484033205284,0.5555555555555556,0.8093625309647591,0.20831486262434115,2004Q3,2025Q4
realized_quarterly,4,IEF,Treasuries (7 to 10 years),18,1.796331158373213,1.8571527849778002,0.7222222222222222,-0.08610583807219374,-0.02845311459871301,2004Q3,2025Q4
realized_quarterly,4,GLD,Gold,17,1.7012145446135536,1.4479190478829063,0.6470588235294118,-0.41032896432295196,-0.12685152677820755,2005Q2,2025Q4
called_monthly,0,SPY,S&P 500,117,1.2839126969029346,1.8549313114566202,0.7008547008547008,,,2017-01,2026-09
called_monthly,0,XLE,Energy,117,1.1803869132043512,1.2794916989248062,0.5641025641025641,-0.10352578369858362,-0.150782934977418,2017-01,2026-09
called_monthly,0,XLF,Financials,117,1.0571865496055555,1.7025149045767796,0.5555555555555556,-0.2267261472973791,-0.7690080670179043,2017-01,2026-09
called_monthly,0,XLK,Technology,117,2.041632784628593,2.2260260778946828,0.6410256410256411,0.7577200877256585,2.6878056607633085,2017-01,2026-09
called_monthly,0,XLV,Health care,117,0.9900816525597907,1.4889824685315523,0.5982905982905983,-0.2938310443431438,-0.9321538171822424,2017-01,2026-09
called_monthly,0,XLI,Industrials,117,1.1511168043096933,1.112622621609849,0.5897435897435898,-0.13279589259324098,-0.5317719006631547,2017-01,2026-09
called_monthly,0,XLP,Consumer staples,117,0.6934580383541943,1.1284272687439811,0.5811965811965812,-0.5904546585487405,-1.8190578292516362,2017-01,2026-09
called_monthly,0,XLY,Consumer discretionary,117,1.1153743725822234,1.3145788168001715,0.6324786324786325,-0.16853832432071134,-0.6379001871285459,2017-01,2026-09
called_monthly,0,XLU,Utilities,117,0.8044935160020682,1.311778613904524,0.6153846153846154,-0.4794191809008663,-1.1516910673246321,2017-01,2026-09
called_monthly,0,XLB,Materials,117,0.9062642266577551,1.4883826188727856,0.5897435897435898,-0.3776484702451795,-1.3032206852918748,2017-01,2026-09
called_monthly,0,XLRE,Real estate,117,0.6716029041087471,1.0411602899760952,0.5982905982905983,-0.6123097927941876,-2.0129748048877247,2017-01,2026-09
called_monthly,0,XLC,Communication services,99,1.0432378156928346,1.7660678756763026,0.6161616161616161,-0.24527956441748514,-0.9009213164436464,2018-07,2026-09
called_monthly,0,TLT,Long Treasuries (20+ years),117,-0.01707475022914642,0.012709176487901708,0.5128205128205128,-1.300987447132081,-2.6409207516705218,2017-01,2026-09
called_monthly,0,IEF,Treasuries (7 to 10 years),117,0.09023090799156151,0.1165895574771314,0.5384615384615384,-1.193681788911373,-2.8685782757900844,2017-01,2026-09
called_monthly,0,GLD,Gold,117,1.208425821633541,0.45635480195191924,0.5384615384615384,-0.07548687526939317,-0.14123862449791127,2017-01,2026-09
called_monthly,1,SPY,S&P 500,36,1.9326225586127923,2.155475190546541,0.6944444444444444,,,2017-03,2026-09
called_monthly,1,XLE,Energy,36,2.3700062830513207,1.4293372298847307,0.5277777777777778,0.4373837244385285,0.3456484024744808,2017-03,2026-09
called_monthly,1,XLF,Financials,36,1.3218077029883815,0.39671440443310724,0.5,-0.61081485562441,-1.3531268540160108,2017-03,2026-09
called_monthly,1,XLK,Technology,36,3.112163360120066,3.9264122239771937,0.7222222222222222,1.1795408015072744,2.631621345797686,2017-03,2026-09
called_monthly,1,XLV,Health care,36,1.5335017633838894,1.4452938770624035,0.5555555555555556,-0.3991207952289026,-0.7613206953006694,2017-03,2026-09
called_monthly,1,XLI,Industrials,36,1.7667618987660594,0.8766536123501645,0.6111111111111112,-0.1658606598467324,-0.3313512749512809,2017-03,2026-09
called_monthly,1,XLP,Consumer staples,36,0.2935995582439751,0.056805260175119,0.5,-1.6390230003688169,-2.8284333460045215,2017-03,2026-09
called_monthly,1,XLY,Consumer discretionary,36,2.569962342277834,1.554757009272545,0.6944444444444444,0.637339783665042,1.1026871726771965,2017-03,2026-09
called_monthly,1,XLU,Utilities,36,0.3378857169211534,0.8975794830389017,0.5833333333333334,-1.5947368416916383,-2.0315956829690025,2017-03,2026-09
called_monthly,1,XLB,Materials,36,1.7596862093642842,1.7493020676902393,0.5833333333333334,-0.1729363492485074,-0.30434533920736223,2017-03,2026-09
called_monthly,1,XLRE,Real estate,36,0.8826278041219849,0.7349743125878216,0.5555555555555556,-1.0499947544908066,-2.1222755972839638,2017-03,2026-09
called_monthly,1,XLC,Communication services,32,1.7183359891632262,1.950568336659686,0.625,-0.1580953740687949,-0.31641580675971975,2018-08,2026-09
called_monthly,1,TLT,Long Treasuries (20+ years),36,0.01832700261182649,0.09132965385548752,0.5,-1.9142955560009645,-2.4627863403939774,2017-03,2026-09
called_monthly,1,IEF,Treasuries (7 to 10 years),36,0.1351650463639103,0.23158865687363805,0.5833333333333334,-1.7974575122488814,-2.4130771109237084,2017-03,2026-09
called_monthly,1,GLD,Gold,36,1.839929976047057,1.2743019144442091,0.5277777777777778,-0.09269258256573486,-0.08813046456182375,2017-03,2026-09
called_monthly,2,SPY,S&P 500,20,2.8294549319637015,3.1634135649895367,0.85,,,2017-07,2026-05
called_monthly,2,XLE,Energy,20,2.5846445375263416,2.1854667593720567,0.75,-0.24481039443736,-0.15348740277585568,2017-07,2026-05
called_monthly,2,XLF,Financials,20,2.910297426337109,3.145263109912444,0.7,0.08084249437340744,0.12038637835463768,2017-07,2026-05
called_monthly,2,XLK,Technology,20,4.2439257292891535,3.457099680034348,0.9,1.414470797325452,1.6472444278293963,2017-07,2026-05
called_monthly,2,XLV,Health care,20,1.5292554574513075,2.241908025598638,0.8,-1.3001994745123935,-3.1392752978437515,2017-07,2026-05
called_monthly,2,XLI,Industrials,20,2.582613421032776,2.9812469368603045,0.7,-0.24684151093092516,-0.41165446774248193,2017-07,2026-05
called_monthly,2,XLP,Consumer staples,20,0.7519091712559527,1.2754145956751173,0.6,-2.077545760707749,-3.3627758197694586,2017-07,2026-05
called_monthly,2,XLY,Consumer discretionary,20,2.1917803542398957,1.9583213997369953,0.7,-0.6376745777238058,-1.2112639352083139,2017-07,2026-05
called_monthly,2,XLU,Utilities,20,2.2239839840802365,2.4578875255613752,0.75,-0.6054709478834648,-0.6264864926313947,2017-07,2026-05
called_monthly,2,XLB,Materials,20,2.0308649554585902,2.539632388373325,0.8,-0.7985899765051108,-1.5092791524543252,2017-07,2026-05
called_monthly,2,XLRE,Real estate,20,2.0391273865152995,1.3873816193994526,0.8,-0.7903275454484021,-1.400577575641237,2017-07,2026-05
called_monthly,2,XLC,Communication services,14,3.254229477065165,2.901401269802506,0.8571428571428571,-0.4510273530579581,-0.4838079673146402,2018-07,2026-05
called_monthly,2,TLT,Long Treasuries (20+ years),20,0.24804484592647275,0.6382933342390484,0.55,-2.5814100860372284,-2.779669513303973,2017-07,2026-05
called_monthly,2,IEF,Treasuries (7 to 10 years),20,0.09993809426123268,-0.1491635659383317,0.45,-2.729516837702468,-4.315745430602367,2017-07,2026-05
called_monthly,2,GLD,Gold,20,1.160887935759935,1.38091804395577,0.65,-1.6685669962037661,-1.7711866797912246,2017-07,2026-05
called_monthly,3,SPY,S&P 500,24,1.2595816072387567,1.7814500941859657,0.7083333333333334,,,2017-01,2026-04
called_monthly,3,XLE,Energy,24,0.251010655332005,1.6253288994605208,0.625,-1.0085709519067518,-0.8247499296135523,2017-01,2026-04
called_monthly,3,XLF,Financials,24,0.9079235371001687,1.3065796758878978,0.5416666666666666,-0.351658070138588,-0.7019940137127162,2017-01,2026-04
called_monthly,3,XLK,Technology,24,2.3700948351519595,3.5274439857434503,0.5416666666666666,1.1105132279132026,1.9558339998522993,2017-01,2026-04
called_monthly,3,XLV,Health care,24,-0.4215587823310815,-0.027603713030177612,0.5,-1.6811403895698385,-2.1244054730854725,2017-01,2026-04
called_monthly,3,XLI,Industrials,24,0.884887006681045,1.1904930257287005,0.5416666666666666,-0.3746946005577117,-0.8667803192427734,2017-01,2026-04
called_monthly,3,XLP,Consumer staples,24,0.8030160163764029,1.6833743311359672,0.6666666666666666,-0.4565655908623538,-0.6622670921912222,2017-01,2026-04
called_monthly,3,XLY,Consumer discretionary,24,1.6527271794454492,1.8509763009899816,0.625,0.3931455722066925,0.7774815863027036,2017-01,2026-04
called_monthly,3,XLU,Utilities,24,0.706778609074059,1.5808355295435228,0.625,-0.5528029981646979,-0.5781686032808225,2017-01,2026-04
called_monthly,3,XLB,Materials,24,0.852387076787899,1.3706501955328965,0.625,-0.40719453045085774,-0.6449368293148865,2017-01,2026-04
called_monthly,3,XLRE,Real estate,24,0.6257874820616909,1.0934241768958075,0.5833333333333334,-0.6337941251770659,-0.932376296737027,2017-01,2026-04
called_monthly,3,XLC,Communication services,20,1.235839247544179,2.6000448689909694,0.65,-0.09802885934281513,-0.22132883435107575,2018-10,2026-04
called_monthly,3,TLT,Long Treasuries (20+ years),24,-0.21976786155516784,0.13458531517387406,0.5833333333333334,-1.4793494687939246,-1.269587544931123,2017-01,2026-04
called_monthly,3,IEF,Treasuries (7 to 10 years),24,0.1153573698939055,0.2084048811620498,0.625,-1.144224237344851,-1.1531991052610586,2017-01,2026-04
called_monthly,3,GLD,Gold,24,0.40166662431554423,-0.024221465117529872,0.5,-0.8579149829232126,-0.7171628805014073,2017-01,2026-04
called_monthly,4,SPY,S&P 500,37,-0.16691037257895536,0.6375170713140754,0.6216216216216216,,,2017-04,2026-07
called_monthly,4,XLE,Energy,37,-0.13330010333603826,-0.11167446682214255,0.4594594594594595,0.03361026924291721,0.02425895185328293,2017-04,2026-07
called_monthly,4,XLF,Financials,37,-0.1051449843480537,0.10619311806887577,0.5405405405405406,0.06176538823090163,0.09184110039169253,2017-04,2026-07
called_monthly,4,XLK,Technology,37,-0.40344961600559676,-0.019206558158679776,0.4864864864864865,-0.2365392434266415,-0.4881676582679502,2017-04,2026-07
called_monthly,4,XLV,Health care,37,1.0855619322863599,1.5330791896032592,0.5945945945945946,1.2524723048653152,2.1889822504056844,2017-04,2026-07
called_monthly,4,XLI,Industrials,37,-0.048981590063367275,0.9374915129598316,0.5405405405405406,0.11792878251558817,0.2541205632275637,2017-04,2026-07
called_monthly,4,XLP,Consumer staples,37,0.9798496911487806,1.099334837387267,0.5945945945945946,1.146760063727736,2.0833858041717503,2017-04,2026-07
called_monthly,4,XLY,Consumer discretionary,37,-1.230294651928935,0.5304448460506705,0.5405405405405406,-1.0633842793499795,-2.646612063832969,2017-04,2026-07
called_monthly,4,XLU,Utilities,37,0.5545807909107653,0.9283291396816606,0.5675675675675675,0.7214911634897209,1.0598419457906914,2017-04,2026-07
called_monthly,4,XLB,Materials,37,-0.49703724243887243,-0.2540363909225962,0.4594594594594595,-0.330126869859917,-0.6014741118700865,2017-04,2026-07
called_monthly,4,XLRE,Real estate,37,-0.2432029315528277,0.3345752437077243,0.5405405405405406,-0.0762925589738723,-0.11839350541925679,2017-04,2026-07
called_monthly,4,XLC,Communication services,33,-0.6661274402857122,-0.09633457267154144,0.48484848484848486,-0.33177772052914783,-0.6999587678752148,2018-09,2026-07
called_monthly,4,TLT,Long Treasuries (20+ years),37,-0.06335097600111644,-1.2046807984616437,0.4594594594594595,0.10355939657783908,0.1034384684910459,2017-04,2026-07
called_monthly,4,IEF,Treasuries (7 to 10 years),37,0.02496583251982533,-0.3944592481533671,0.4864864864864865,0.19187620509878078,0.24393041038203875,2017-04,2026-07
called_monthly,4,GLD,Gold,37,1.1429887647205008,0.3386881324189961,0.5135135135135135,1.3098991372994562,1.3690548064584178,2017-04,2026-07
