month,pred_yoy,pred_delta,hurdle_mom,p_accel,n_errs
2026-09,3.65792380209804,0.3645106284453581,0.39920159680637557,0.8392857142857143,168.0
2026-10,3.751422956157624,0.0934991540595842,0.09940357852884496,0.6845238095238095,168.0
2026-11,3.6588495350439842,-0.09257342111363975,0.19860973187686426,0.44047619047619047,168.0
2026-12,3.478272918268277,-0.18057661677570724,0.09910802775023875,0.34523809523809523,168.0
2027-01,2.8652107762761947,-0.6130621419920823,0.5940594059405946,0.11904761904761904,168.0
2027-02,3.1106687967428437,0.245458020466649,0.5905511811023612,0.8035714285714286,168.0
2027-03,2.9954131230121916,-0.11525567373065204,0.1956947162426559,0.39880952380952384,168.0
2027-04,2.9693222000041652,-0.0260909230080264,0.390625,0.5297619047619048,168.0
2027-05,2.8416288124019085,-0.1276933876022568,0.1945525291828787,0.39880952380952384,168.0
2027-06,3.270831955872344,0.42920314347043576,-0.1941747572815511,0.8922155688622755,167.0
2027-07,3.2315501763086507,-0.0392817795636935,0.9727626459143934,0.5120481927710844,166.0
2027-08,2.9097692014398158,-0.32178097486883495,-0.28901734104046506,0.23636363636363636,165.0
